mosquito_net_use,malaria_positive_rate
no,17.94871794871795
yes,14.098360655737704
